{
    "0": [
        {
            "text": "Artist of the Decade",
            "probability": 0.999956793032443,
            "start_logit": 5.066813945770264,
            "end_logit": 5.563450813293457
        },
        {
            "text": "",
            "probability": 4.320696755708735e-05,
            "start_logit": 0.3884136974811554,
            "end_logit": 0.1923854798078537
        }
    ]
}
