{
    "0": [
        {
            "text": "The first iPhone was released in 2007",
            "probability": 0.9974569101861746,
            "start_logit": 3.359882116317749,
            "end_logit": 3.1527814865112305
        },
        {
            "text": "",
            "probability": 0.002543089813825388,
            "start_logit": 0.37075406312942505,
            "end_logit": 0.17008039355278015
        }
    ]
}
