{
    "0": [
        {
            "text": "empty",
            "probability": 0.4024027717181176,
            "start_logit": 0.0,
            "end_logit": 0.0
        },
        {
            "text": "",
            "probability": 0.5975972282818824,
            "start_logit": 0.29868796467781067,
            "end_logit": 0.09677552431821823
        }
    ]
}
